WORD_ID,WORD,true_x,true_y,WORD_TOTAL_READING_TIME,surprisal_score,attention_score,cognitive_mass,RDS_linear,RDS_multiplicative,RDS_gated,RDS_sigmoid,RDS_bayesian,RDS_rrf
3-5-1,There ,104.9,96.7,330,10.4205,0.2368,2.4677,0.3950902438289282,0.1652671848953789,0.41179971401410764,0.15281472020165884,0.2077160100024605,0.4532955101216223
3-5-3,a ,191.0,96.0,177,0.4495,0.2284,0.1027,0.07482905302520364,0.0022991712105167273,0.0013536399293822545,0.006566791727549723,0.0018335789334527385,0.0268995940578062
3-5-4,moment's ,245.2,93.9,181,5.0,0.5,2.5,0.17252987870479136,0.03540349784327098,0.019529321542406598,0.023350350953081734,0.032651170866208175,0.19877368933511033
3-5-5,stupefied ,342.7,97.8,709,5.0,0.5,2.5,0.5794451988906112,0.18961130321507905,0.19529321542406597,0.45300142488549494,0.3153217732448591,0.6034919559225411
3-5-6,silence. ,456.3,116.9,379,5.0,0.5,2.5,0.32058143324860267,0.09157850947806621,0.19529321542406597,0.0874971661377747,0.10330376673857383,0.37278177627559334
3-5-7,"Japp, ",537.0,117.4,445,5.0,0.5,2.5,0.3710352469180593,0.110705049760081,0.19529321542406597,0.1284767404185857,0.13358652251513714,0.4240100477277309
3-5-9,was ,604.9,113.9,250,6.4184,0.2858,1.8347,0.25735410859100044,0.07311212616748623,0.025194718048266115,0.051909754579228536,0.07398068256645629,0.2631047186968053
3-5-10,the ,664.0,107.9,159,4.1816,0.5844,2.4438,0.13967051504197267,0.02430540188240002,0.016260454861360754,0.016276887181370835,0.021096593848678572,0.06384442739121048
3-5-11,least ,707.0,110.7,402,6.3141,0.6837,4.3168,0.36375989992575963,0.12424049296697048,0.24778121280386003,0.12175885264151443,0.14790808442697048,0.41032528826658576
3-5-12,surprised ,782.9,113.3,912,12.5973,0.6363,8.0152,0.8840354933795984,0.6310530402662287,0.4987458160583476,0.9375089920814756,0.8591311115418273,0.8788120385230098
3-5-14,any ,865.3,121.2,164,16.5375,0.2841,4.6976,0.38784627795244936,0.09729434958022165,0.06561259296538613,0.14513320756256406,0.1828168620718088,0.4951446995794061
3-5-16,"us, ",136.8,165.5,204,5.0,0.5,2.5,0.18593339998088612,0.040547938464597665,0.019529321542406598,0.026773080826483348,0.03962501510521694,0.21959049054588736
3-5-18,the ,204.8,160.9,198,4.1816,0.5844,2.4438,0.1675119089335345,0.033118050424240174,0.016260454861360754,0.02215429294841547,0.030457826068928,0.0833412206463886
3-5-19,first ,268.7,158.0,184,7.0279,0.3582,2.5173,0.20607395022786423,0.04636823316595327,0.027629192928639336,0.03259802711893063,0.05177484684519713,0.25002558056029317
3-5-20,to ,326.5,170.9,85,1.2584,0.2282,0.2871,0.014844049505768566,0.0010193605693526954,0.00458456155486855,0.0010180467026094872,0.0012419453928909044,0.007191411109143829
3-5-21,speak. ,344.8,164.2,522,5.0,0.5,2.5,0.42866635313395485,0.1325710870493482,0.19529321542406597,0.19258070239594047,0.1748841601909213,0.47159994762787005
3-5-23,"word, ",473.0,168.8,253,5.0,0.5,2.5,0.22133812481048368,0.0540006221029464,0.019529321542406598,0.03762155648839504,0.05544123451350995,0.25177993380341795
3-5-25,"cried, ",561.3,172.6,470,5.0,0.5,2.5,0.3922046954742563,0.11869900217262878,0.19529321542406597,0.1497177482426393,0.14621891762680433,0.44402396023053736
3-5-26,you're ,647.6,168.3,253,5.0,0.5,2.5,0.22173148334760726,0.054143782094147413,0.019529321542406598,0.03775851872139185,0.05544123451350995,0.25177993380341795
3-5-27,the ,689.2,171.5,201,4.1816,0.5844,2.4438,0.16359652176032335,0.0319605134202448,0.016260454861360754,0.02125168959533317,0.03120569813045993,0.08910484410010971
3-5-28,goods! ,741.9,178.0,389,5.0,0.5,2.5,0.33460558561237463,0.09679829214029967,0.19529321542406597,0.09762505949948092,0.10762976185536935,0.38052187336415616
3-5-30,no ,844.3,176.5,225,2.4341,0.0539,0.1311,0.1511842099879588,0.02231661083648435,0.009280561746590938,0.01855927081202887,0.020025919623932353,0.07653260961866887
3-5-31,"mistake, ",132.1,233.9,147,5.0,0.5,2.5,0.14436111219235317,0.024757979779031623,0.019529321542406598,0.01718284918928824,0.022823045004654333,0.18664807785543217
3-5-32,Mr. ,177.7,232.9,127,5.0,0.5,2.5,0.12347133113538439,0.01692370730821846,0.019529321542406598,0.013384330686583594,0.017293238575091345,0.18436846289725264
3-5-33,Poirot! ,233.6,223.9,283,5.0,0.5,2.5,0.24602981440258875,0.06333436561580236,0.019529321542406598,0.04701633015219979,0.06582931710463673,0.2810892689800116
3-5-34,These ,351.8,229.8,461,6.1813,0.4349,2.6881,0.4083648858160436,0.14379405574121273,0.24247689345827247,0.1677063873692203,0.17868104650573471,0.4488393617407611
3-5-35,witnesses ,398.6,232.7,452,12.6539,0.5453,6.8999,0.5271724357680995,0.2859947565386006,0.5010065425264218,0.3496145821180573,0.39652285520731456,0.6451943552148397
3-5-37,yours ,521.3,250.3,419,12.8996,0.8214,10.5958,0.512626380323528,0.27203725328398426,0.5108203321590338,0.322874662554778,0.37231929358305876,0.6248880821063874
3-5-38,are ,549.0,239.5,567,2.6592,1.0512,2.7954,0.41575525421034853,0.07587290168962522,0.10179659852533532,0.17646382111819572,0.10612062574530987,0.3386597055751893
3-5-39,all ,617.0,247.8,627,4.0827,0.4208,1.7178,0.4914655473261788,0.132719558345287,0.15865426861903967,0.28600326038528195,0.20138662817544334,0.39416831771311694
3-5-40,"right, ",659.0,252.7,288,5.0,0.5,2.5,0.24963692211544247,0.06470504332864893,0.019529321542406598,0.04853273553619865,0.06761674264242064,0.2930301092371424
3-5-42,suppose? ,755.1,239.8,399,5.0,0.5,2.5,0.3437011789826178,0.10022436144548563,0.19529321542406597,0.10469294873339698,0.1120449915354355,0.3926901990755025
3-5-43,Voila! ,869.8,235.2,256,5.0,0.5,2.5,0.2273821460362405,0.05623503805044606,0.019529321542406598,0.03976959289851528,0.05645483302221633,0.25563642527402236
3-5-45,have ,151.3,305.0,472,6.7429,0.38,2.5625,0.4237040837783126,0.15925520815121083,0.2649084126185284,0.18626238000815895,0.20409559865773202,0.49260257358779386
3-5-46,prepared ,191.5,293.7,339,16.0607,0.4423,7.1038,0.5168440143629615,0.2656394828573436,0.637081505979342,0.330517008617244,0.4075390558912372,0.6160816254857673
3-5-48,list ,278.1,296.7,268,16.2891,0.4237,6.9011,0.45950111785650544,0.19212564559029707,0.06462042961791327,0.23534906035230216,0.32668871747116074,0.5569023539016217
3-5-50,them...names ,356.3,298.0,750,5.0,0.5,2.5,0.6058553933332398,0.19969785748139463,0.19529321542406597,0.5078554846073483,0.35746212223624346,0.6530923692983149
3-5-52,addresses. ,573.3,304.8,213,5.0,0.5,2.5,0.1872064465990118,0.04111546912781849,0.019529321542406598,0.027116214116637883,0.04242947860092874,0.2305924625914226
3-5-54,must ,688.8,306.3,347,8.9853,0.1424,1.2796,0.37231726872451587,0.14667861225281079,0.35447472060456464,0.1296907085698047,0.18291465413904917,0.4388607966327388
3-5-55,see ,750.1,307.5,263,4.7427,0.2002,0.9494,0.22833818154382013,0.0554697573831134,0.018501609669199004,0.04011803059667577,0.055251793330611115,0.1451058504489183
3-5-56,"them, ",787.1,308.4,127,5.0,0.5,2.5,0.1315902414379947,0.019878525922256383,0.019529321542406598,0.014789658015396402,0.017293238575091345,0.18436846289725264
3-5-57,of ,841.5,311.3,94,0.1106,0.0594,0.0066,0.005712858731641681,0.0,0.0,0.00037791979031285926,0.0,2.802766981840203e-05
3-5-58,course. ,124.0,373.6,272,5.0,0.5,2.5,0.23922996848580524,0.060732237576249154,0.019529321542406598,0.044261274149200516,0.06195435701126067,0.26783984348922263
3-5-60,you ,212.9,372.1,274,0.9958,0.0858,0.0854,0.15937763686903103,0.011054319867271416,0.0035356803348751014,0.020308281098699064,0.009993945040999428,0.10662378483198616
3-5-61,will ,278.1,366.6,379,2.6684,0.2224,0.5934,0.2689290429580707,0.04701843563153498,0.10216406643180677,0.057330351148740265,0.05124781345616908,0.22413734785298164
3-5-62,find ,327.1,364.5,113,7.1907,0.1606,1.1545,0.15955755387914533,0.0200257078322034,0.028279451354438774,0.020347907337051947,0.021793695143700595,0.23994515738614935
3-5-64,all ,392.7,361.4,288,4.0827,0.4208,1.7178,0.2316826507816041,0.05272227402333096,0.015865426861903967,0.04135599813603126,0.05334332392473736,0.15716531109057288
3-5-65,right. ,440.4,372.6,384,5.0,0.5,2.5,0.3292500625697134,0.09479129132878267,0.19529321542406597,0.09364964539320776,0.10545577991205125,0.3766159910370573
3-5-67,sure ,580.4,379.7,285,10.2049,0.1758,1.7944,0.3557709936830262,0.13445629061706849,0.04031881835102772,0.11471088866741229,0.16558024604527524,0.3969011840545152
3-5-69,that. ,661.0,372.9,437,5.0,0.5,2.5,0.35918140873139487,0.10629829601914856,0.19529321542406597,0.1176781383828579,0.1296873518606537,0.4146095736733824
3-5-70,Japp ,746.4,374.0,207,5.0,0.5,2.5,0.19119105661873698,0.04249616271454673,0.019529321542406598,0.028211329200604915,0.040555007558814984,0.22110737373488976
3-5-71,lowered ,793.8,376.5,237,9.8722,0.3138,3.0982,0.30963846819980617,0.10026604438879662,0.03898994256316854,0.08020923269769298,0.122008524623312,0.34538887745417457
3-5-72,his ,853.3,373.4,157,0.8065,0.356,0.2871,0.06471196367208783,0.003791492709641666,0.002779575175146388,0.005441523451655817,0.003092502974714525,0.021397677722025613
3-5-73,voice. ,135.3,447.0,186,5.0,0.5,2.5,0.1762169725954553,0.0368032859463362,0.019529321542406598,0.02425815043445734,0.0341441481499882,0.20399297427636318
3-5-74,I'm ,169.9,443.6,306,5.0,0.5,2.5,0.2695248581369503,0.07215154276115268,0.019529321542406598,0.057621383340284264,0.07419075732577941,0.3032390718997274
3-5-75,much ,223.4,441.1,303,7.141,0.3857,2.754,0.30999869021349186,0.10229976106116248,0.02808093880061671,0.0804409015273036,0.11256623715990359,0.3521207803282403
3-5-76,obliged ,305.5,442.5,260,11.9261,0.3551,4.2352,0.3669027611569827,0.13597065346790455,0.0471936635751432,0.12462539882283938,0.18431939857327823,0.45045015252613047
3-5-77,to ,355.9,425.0,109,1.2584,0.2282,0.2871,0.038504250071198676,0.003106045704365918,0.00458456155486855,0.002904763048019206,0.002493104006442023,0.013333668191807467
3-5-78,you. ,411.2,437.5,192,5.0,0.5,2.5,0.17975124052227276,0.03815903354260519,0.019529321542406598,0.02515201478622386,0.03595247056114635,0.2080588260814275
3-5-80,pretty ,477.9,438.8,427,13.5571,0.0463,0.628,0.5342420307011482,0.2946522084458532,0.5370823048226169,0.362982613866074,0.4055994249552686,0.6458452041863172
3-5-81,mare's ,530.2,437.8,651,5.0,0.5,2.5,0.5275924430868606,0.17006826324212504,0.19529321542406597,0.35040225943204667,0.2639330704065898,0.5448732855693541
3-5-82,nest ,580.4,441.9,318,17.6889,0.3662,6.4769,0.529815045137888,0.2659258433389212,0.7021153369920355,0.3545844027700721,0.45343614748091954,0.6368353340371183
3-5-83,arresting ,672.4,444.3,741,25.1468,0.5324,13.3885,1.0,1.0,1.0,1.0,1.0,1.0
3-5-85,would ,797.6,445.2,665,4.7104,0.4886,2.3017,0.5297681301667942,0.16289051501849577,0.18372596480296532,0.35449588583544306,0.2607806839403476,0.44041406022009066
3-5-86,have ,848.7,446.4,84,6.7429,0.38,2.5625,0.13411649212278767,0.010198541620288621,0.02649084126185284,0.01524489089052447,0.008864861825089611,0.21290743477336857
3-5-87,been. ,121.6,501.6,287,5.0,0.5,2.5,0.25622097569273544,0.06708968255559812,0.019529321542406598,0.0514023269001138,0.06725793544811466,0.28576177168932354
3-5-88,He ,185.0,499.1,580,2.4474,0.21,0.5139,0.42340934724521667,0.07171316211524197,0.09333684824374308,0.18589198422608424,0.10205600188069419,0.3456685615309463
3-5-89,turned ,217.3,512.0,66,8.7755,0.1555,1.3644,0.16203043283938323,0.004542189376120171,0.034609485465046615,0.020898002858731956,0.003213641739611635,0.2612313020996852
3-5-91,Inglethorp. ,322.6,508.1,820,5.0,0.5,2.5,0.6599403292660373,0.22019223600190843,0.19529321542406597,0.6196469553941739,0.4439668884438843,0.6639424597242654
3-5-92,"But, ",460.6,503.9,233,5.0,0.5,2.5,0.20742919188562295,0.04870697876014479,0.019529321542406598,0.03302178520403768,0.04882077392457141,0.23730618803719888
3-5-94,you'll ,530.9,500.2,162,5.0,0.5,2.5,0.15693080800042658,0.029506320490336208,0.019529321542406598,0.019774650117456,0.02709070483351024,0.1925538160890578
3-5-95,excuse ,604.9,497.3,659,5.734,0.0775,0.4443,0.5560691844079113,0.2014344517333835,0.22461076361428656,0.4055939000370503,0.3068265649796449,0.5558555989590601
3-5-96,"me, ",661.1,502.2,201,5.0,0.5,2.5,0.18525354884976322,0.04026577338004867,0.019529321542406598,0.02659115583189684,0.03869980173529205,0.21660873159150568
3-5-97,"sir, ",692.2,500.0,550,5.0,0.5,2.5,0.4580537071117204,0.1435906248209461,0.19529321542406597,0.23320609286374153,0.19182777245215782,0.4835281654322975
3-5-99,couldn't ,775.2,499.9,733,5.0,0.5,2.5,0.5822434838336619,0.19090762426366165,0.19529321542406597,0.4587662954347605,0.3393295052178811,0.632363838335305
3-5-100,you ,875.5,511.8,60,0.9958,0.0858,0.0854,0.0,0.0001043144658834834,0.0035356803348751014,0.0,0.0,0.0021414325820923105
3-5-101,say ,122.3,576.3,315,6.6773,0.1912,1.2768,0.30665993089340127,0.09867418724731754,0.26228820667673214,0.07831463512630561,0.10967393112309842,0.34673226740626145
3-5-102,all ,156.5,565.3,302,4.0827,0.4208,1.7178,0.24299159183721597,0.05619761273083154,0.015865426861903967,0.04576885636329185,0.057428204942581745,0.16219303330410156
3-5-103,this ,192.9,574.5,309,8.1181,0.2434,1.9756,0.33112323818184625,0.11748720385131091,0.31983687620325774,0.09502471140291065,0.1362939925926074,0.393548398318233
3-5-104,at ,229.4,567.6,190,7.5142,0.292,2.1938,0.22018084976962343,0.05210723669206429,0.029571580351650813,0.03722086337694609,0.059617181475129566,0.2710718000258676
3-5-105,the ,282.7,566.4,127,4.1816,0.5844,2.4438,0.11150331198675223,0.015461513437789625,0.016260454861360754,0.011464763875767931,0.013884580365020905,0.056864575405856835
3-5-106,inquest? ,298.8,565.1,701,5.0,0.5,2.5,0.5689537081319473,0.18570036595554665,0.19529321542406597,0.43154066540591735,0.3077027950396295,0.5944101900931742
4-5-1,The,111.0,116.0,187,4.1816,0.5844,2.4438,0.1637416109051901,0.03186950216473431,0.016260454861360754,0.021284667032734097,0.027750440498590753,0.07782955887370431
4-5-2,trial,156.4,109.8,446,11.9573,0.3159,3.7777,0.5109238616224441,0.2679929704840924,0.4731828312603351,0.31981632698900986,0.36429662592465895,0.6250169940718442
4-5-4,John,235.9,98.1,283,15.4113,0.5247,8.087,0.4548277067817042,0.19706717775198218,0.06111430648421087,0.2284776726417158,0.3133509346585717,0.5527279858095072
4-5-6,for,384.5,97.9,112,3.7153,0.5759,2.1397,0.08958182698694019,0.010201683402088647,0.014397951765843062,0.008373132703836479,0.009228432643165687,0.0377233598764813
4-5-8,murder,457.7,105.6,288,10.4589,0.3436,3.5939,0.36532848268614615,0.1413326273783494,0.04133334931019884,0.1231828248707535,0.17391735251035093,0.42343181235334265
4-5-10,his,581.3,107.3,212,0.8065,0.356,0.2871,0.1105312180495291,0.0062555446966783175,0.002779575175146388,0.01131640399008061,0.005152985796330765,0.06138774582011533
4-5-11,stepmother,601.5,106.8,586,11.8489,0.4322,5.1215,0.6157195730792647,0.36290549226734214,0.4688531007101717,0.5284700540827728,0.49962839376935075,0.690653343562162
4-5-12,took,740.3,110.1,183,1.4405,0.6924,0.9974,0.10182985440309321,0.009737335094101119,0.0053119083566994995,0.010036361021579792,0.007886819994555719,0.0377233598764813
4-5-13,place,758.9,104.5,313,10.6989,0.4627,4.9505,0.3862044755409138,0.15787908642006165,0.42291961240124304,0.14343507539462802,0.2007915814160754,0.4448782300098857
4-5-15,months,120.4,172.2,195,9.9017,0.3896,3.8574,0.28320673122652246,0.07989846149918554,0.03910777194622188,0.06464475660129088,0.09197290242431228,0.31754534944080204
4-5-16,later.,165.9,157.7,279,5.0,0.5,2.5,0.24238024772726488,0.06195981466712171,0.019529321542406598,0.045521083744227774,0.06441118809085776,0.27432557624695153
4-5-18,the,288.5,164.3,577,4.1816,0.5844,2.4438,0.45510086120182824,0.12391874198377062,0.16260454861360754,0.22887547864140362,0.17477733836389334,0.3685205061169687
4-5-19,intervening,353.1,162.8,339,13.4008,0.2517,3.3727,0.45868786082474977,0.21683059953276007,0.5308393446289773,0.2341433558851578,0.3071764882091153,0.5622624170136438
4-5-20,weeks,440.6,163.0,273,7.7757,0.3117,2.4233,0.2908663896786145,0.09277779435675626,0.030616067933632102,0.06887374376630905,0.10778535794829792,0.3388240341928644
4-5-21,I,490.2,165.1,91,0.135,0.1175,0.0159,0.0043793850705753454,4.412331794202494e-05,9.74588795424226e-05,0.00028819426617109946,3.15008187777402e-05,0.0
4-5-22,will,520.9,149.5,585,2.6684,0.2224,0.5934,0.4329348326346315,0.0794913503910223,0.10216406643180677,0.19814025502719684,0.11362914211167677,0.36048576546796957
4-5-23,say,579.9,168.6,159,6.6773,0.1912,1.2768,0.18709809718448797,0.03780717526301616,0.026228820667673215,0.02708688392594198,0.037962464403029986,0.2267660614079941
4-5-24,"little,",598.6,160.2,502,5.0,0.5,2.5,0.4146072522828594,0.12722279117718838,0.19529321542406597,0.17508127619982694,0.16345194505101285,0.46020187283697245
4-5-25,but,708.0,166.7,168,7.1662,0.0497,0.3565,0.19849824031349714,0.04158573158161331,0.028181593053258888,0.03030518632602462,0.045796653376077856,0.25070826956352393
4-5-26,my,714.1,172.4,211,4.8074,0.6246,3.0026,0.18757284815762384,0.0409585197174022,0.01876003546864141,0.02721557337096778,0.039856377212268125,0.11035192047787763
4-5-27,admiration,777.4,174.2,668,10.8386,0.3891,4.2175,0.6587488660812174,0.3843710404691237,0.42849953267668417,0.6172452892920941,0.5434309985474883,0.7234637604849087
4-5-28,and,868.2,177.5,107,2.6043,0.9599,2.4999,0.06224486514839119,0.006109065116446979,0.009960377373563083,0.005180193249132874,0.005477504345997144,0.023464361612682845
4-5-29,sympathy,132.8,228.5,238,13.7313,0.5738,7.8784,0.38900426780388986,0.14156358666263644,0.054404022974732597,0.1463403941866827,0.2071271875306599,0.4975717945300887
4-5-30,went,190.7,223.2,351,6.484,0.6642,4.3067,0.33147490611003316,0.10993310339548355,0.2545673864244574,0.0952847024912791,0.12431840807440546,0.368284969378992
4-5-31,out,248.1,225.8,184,7.952,0.2835,2.2547,0.2389547319694646,0.06088591366808639,0.031320248280489855,0.04415254489843944,0.06122920069184055,0.2854787969938358
4-5-32,unfeignedly,303.9,224.7,1051,5.0,0.5,2.5,0.835826400386268,0.2868795384609939,0.19529321542406597,0.8941990601630695,0.9999963347261067,0.6986271750203369
4-5-34,Mary,446.7,234.1,254,13.6534,0.0603,0.8228,0.4012377471900296,0.15518153408711235,0.05409287351914428,0.159578514038818,0.22288796683416223,0.498078027650593
4-5-35,Cavendish.,522.9,235.5,112,5.0,0.5,2.5,0.11707248174155296,0.014421201465086912,0.019529321542406598,0.012336263257706061,0.01326140175189881,0.17886402677872165
4-5-36,She,624.6,239.5,237,1.637,0.4794,0.7848,0.13794184763226428,0.015024376344101543,0.006096771874325977,0.01595102127048355,0.01392130466138568,0.0823981799111395
4-5-37,ranged,648.9,235.8,209,21.6775,0.3567,7.7327,0.527458053152815,0.18789262463776787,0.0861428651312899,0.35015013451064675,0.523823881629656,0.5696890819820193
4-5-38,herself,721.4,240.2,394,6.0181,0.4927,2.9653,0.353667923184543,0.1163854527604499,0.23595833233477925,0.11291150627055958,0.13569565497260636,0.3951518599575362
4-5-39,passionately,833.2,245.9,672,5.0,0.5,2.5,0.5546892950739211,0.18017313362744938,0.19529321542406597,0.4028464619444406,0.28155102055667386,0.5769931049409632
4-5-41,her,133.8,301.6,199,2.9188,0.1421,0.4146,0.1412006753904519,0.02267073565464855,0.011216558423402915,0.016568908130855434,0.020194941785339673,0.06730994118597683
4-5-42,husband's,165.5,296.9,220,5.0,0.5,2.5,0.2010443331042197,0.04623272349130449,0.019529321542406598,0.031061609771640315,0.04464111336644725,0.23390838796403163
4-5-43,"side,",311.3,286.3,121,5.0,0.5,2.5,0.12410166779914504,0.017083637395984442,0.019529321542406598,0.013490361268581774,0.015668869616717918,0.18103326268750233
4-5-44,scorning,374.6,294.8,214,5.0,0.5,2.5,0.19093962425599414,0.042485711499520365,0.019529321542406598,0.028141269604040783,0.042743784537810754,0.2322403770190222
4-5-46,mere,455.6,298.8,626,19.5367,0.1068,2.0873,0.8074853318988565,0.6557169664110909,0.7759204671635472,0.8625694744712626,0.8217943040848585,0.8568300371405646
4-5-49,his,605.5,293.0,319,0.8065,0.356,0.2871,0.19391572565139784,0.010751152508313903,0.02779575175146388,0.02897892957358977,0.010014709776274732,0.14933525190556915
4-5-52,fought,748.3,303.1,723,17.5894,0.2824,4.9666,0.841078361644626,0.688758449126541,0.6981410916992196,0.8995365179054142,0.8237873806864559,0.9343509446469823
4-5-53,for,840.0,314.4,326,3.7153,0.5759,2.1397,0.25164438999103744,0.05551256264118998,0.14397951765843062,0.049393584457313004,0.05812379858709133,0.1845083230373078
4-5-55,tooth,138.2,379.1,101,14.6744,0.1405,2.0619,0.30914836255439204,0.03947085871740449,0.058170968437702225,0.07989491517184387,0.05662063000122762,0.43591541807670664
4-5-56,and,170.9,370.1,203,2.6043,0.9599,2.4999,0.1333818391660418,0.019880368882452905,0.009960377373563083,0.015111605716753695,0.018312831801532863,0.06586701385202967
4-5-57,nail.,223.9,365.5,298,5.0,0.5,2.5,0.26174231029403877,0.06922650565982966,0.019529321542406598,0.053913345403687175,0.07124168137870922,0.29552521018639344
4-5-59,expressed,323.2,364.1,989,11.8605,0.1359,1.6112,0.9342364118699477,0.6528501693047805,0.4693164298096357,0.9706426566115784,0.9298296978575508,0.8683856890023041
4-5-61,admiration,449.7,366.2,412,10.8386,0.3891,4.2175,0.4606180795470376,0.21965169853829117,0.42849953267668417,0.237011854620666,0.29229793413992966,0.5560262230160803
4-5-63,"Poirot,",554.8,365.3,444,5.0,0.5,2.5,0.3690241406602704,0.10996154280426408,0.19529321542406597,0.12659072090087722,0.13309543609664917,0.4192618490982385
4-5-65,he,677.0,368.4,236,2.4474,0.21,0.5139,0.1610825504968405,0.024180330053779613,0.009333684824374308,0.02068593919078491,0.021747691815893592,0.08220696298178636
4-5-66,nodded,737.7,370.1,357,4.2663,0.1421,0.6063,0.28796854671444055,0.0721048252081576,0.1659876498829695,0.06724785829396283,0.07848765821389654,0.2285647266738755
4-5-67,thoughtfully.,818.8,374.8,258,5.0,0.5,2.5,0.22314180327204483,0.05471495479876446,0.019529321542406598,0.038252790198717745,0.0571336076155426,0.25760298052724456
4-5-68,"""Yes,",126.7,427.8,326,5.0,0.5,2.5,0.2812016870273586,0.07663282800371163,0.19529321542406597,0.06357373699582748,0.0817614517966437,0.3256489899395482
4-5-69,she,164.2,432.2,485,1.637,0.4794,0.7848,0.33074011037532536,0.03782616557420053,0.06096771874325976,0.09474212451862456,0.04648566021509953,0.2945257339710526
4-5-70,is,195.9,426.7,345,6.6092,0.2445,1.616,0.3296720000857042,0.10990785780962163,0.25956814532556866,0.09395794824657203,0.12397218414410445,0.3658028907915219
4-5-71,of,233.1,434.0,503,0.1106,0.0594,0.0066,0.31427930278481425,0.0,0.0,0.08323634821711288,0.0,0.293261846988121
4-5-72,those,293.9,431.3,632,4.3844,0.4961,2.175,0.5082790397369568,0.14626561929599358,0.17070481942147775,0.3150961890864742,0.21936456644152066,0.4127685585013454
4-5-73,women,320.0,427.4,174,4.504,0.5405,2.4343,0.15181368777901366,0.028232945042494483,0.017548190220560627,0.018689855635230946,0.026920660115341256,0.07313925491088373
4-5-74,who,386.9,428.5,695,2.8943,0.6052,1.7517,0.5193878000765251,0.1042073497528765,0.11118700122223023,0.33517094640053213,0.1824284369858231,0.4381543256249185
4-5-75,show,455.7,428.3,251,10.2833,0.7936,8.1611,0.33312304781284385,0.1163361040568476,0.04063196491480337,0.09651097562662102,0.1404521571211774,0.3670259550547985
4-5-77,their,507.4,428.1,201,4.5549,0.4352,1.9824,0.17179954140396958,0.035116482228213994,0.017751495834032325,0.02317347475587313,0.03456451212780343,0.09500097762572342
4-5-78,best,592.2,433.2,283,7.8608,0.2704,2.1258,0.3065721886944822,0.10206261636646949,0.030955975747118177,0.07825938811915073,0.11518934077289739,0.3545005981417244
4-5-80,adversity.,673.1,437.5,390,5.0,0.5,2.5,0.33477513656242075,0.09687157837692113,0.19529321542406597,0.0977531408585483,0.10806722412998955,0.38450145158421917
4-5-82,brings,795.9,445.1,324,10.7591,0.1215,1.307,0.38942896814304734,0.16064843668018697,0.4253241306588061,0.14678510636733094,0.21182953228667484,0.4621075123337431
4-5-83,out,864.8,445.3,130,7.952,0.2835,2.2547,0.19128817723861033,0.03206132753143017,0.031320248280489855,0.028238425907288565,0.03349939719257125,0.26831434591662934
4-5-84,all,124.0,496.4,156,4.0827,0.4208,1.7178,0.13347938578307283,0.022445432478820092,0.015865426861903967,0.015129260524625161,0.019825714213057035,0.05194044466225343
4-5-85,that,160.0,498.7,372,3.6913,0.1673,0.6176,0.2926729208630742,0.0665972562185307,0.14302090572850515,0.06990359542594991,0.07122379911451159,0.22162574427306325
4-5-86,is,203.3,495.6,260,6.6092,0.2445,1.616,0.25827372579457336,0.07406263926802628,0.02595681453255687,0.05232454756358809,0.08142097336397854,0.2894343111762365
4-5-87,sweetest,249.1,498.6,717,5.0,0.5,2.5,0.5748887203226423,0.18804564100343482,0.19529321542406597,0.4436492334762601,0.323127841226297,0.6128369613411652
4-5-88,and,328.3,490.3,105,2.6043,0.9599,2.4999,0.06568598046864178,0.006735988972690467,0.009960377373563083,0.005546076272932248,0.005234609648537228,0.022426075447520136
4-5-89,truest,355.0,494.1,543,5.0,0.5,2.5,0.4479448133699761,0.13983051037136604,0.19529321542406597,0.21861062001588882,0.18748412193647257,0.4774955035541962
4-5-91,them.,457.0,499.0,349,5.0,0.5,2.5,0.29946686871023126,0.08354663472586345,0.19529321542406597,0.07389083960209238,0.09083493245462397,0.34446757496016706
4-5-93,pride,564.9,503.6,364,11.6838,0.1354,1.5818,0.44597326813734955,0.20835414581971565,0.46225864947555945,0.21583992195035337,0.2755666247841093,0.5260554886903241
4-5-94,and,643.0,505.8,208,2.6043,0.9599,2.4999,0.13991322925698316,0.021122245716677653,0.009960377373563083,0.016322982492379793,0.01905121501443266,0.07041796930393067
4-5-95,her,652.6,503.8,210,2.9188,0.1421,0.4146,0.15120328459318175,0.024834722459222375,0.011216558423402915,0.018563218746783943,0.022036649282610007,0.08081394309900085
4-5-96,jealousy,698.1,502.4,365,11.6202,0.0689,0.8006,0.4452558419165871,0.2077196966243449,0.459718327861257,0.21483784404478606,0.27447344313362565,0.5229900393493375
4-5-97,"have...""",800.7,510.9,355,5.0,0.5,2.5,0.3004323499772719,0.08396749101838685,0.19529321542406597,0.07447236090313303,0.09326965069082457,0.3511768096196919
