protocol,outcome,model,lang,subject,n,spearman_rho,mae_log,roc_auc,brier
new_reader_new_trial_double_holdout,conditional_log_reading_time,ridge_text_only,L1,L1|pp01,14395,0.14357804820316156,0.4595255315864193,,
new_reader_new_trial_double_holdout,conditional_log_reading_time,surprisal_only,L1,L1|pp01,14395,0.026726381665866192,,,
new_reader_new_trial_double_holdout,conditional_log_reading_time,attention_only,L1,L1|pp01,14395,-0.007014430106754212,,,
new_reader_new_trial_double_holdout,conditional_log_reading_time,word_length_only,L1,L1|pp01,14395,0.15027361106072387,,,
new_reader_new_trial_double_holdout,conditional_log_reading_time,cognitive_mass_provenance_risk,L1,L1|pp01,14395,0.0022589436158146803,,,
new_reader_new_trial_double_holdout,conditional_log_reading_time,ridge_text_only,L1,L1|pp02,12814,-0.005116889366870524,0.4778594016117533,,
new_reader_new_trial_double_holdout,conditional_log_reading_time,surprisal_only,L1,L1|pp02,12814,0.0014105336607382064,,,
new_reader_new_trial_double_holdout,conditional_log_reading_time,attention_only,L1,L1|pp02,12814,-0.0030446416095281266,,,
new_reader_new_trial_double_holdout,conditional_log_reading_time,word_length_only,L1,L1|pp02,12814,-0.004487085932036663,,,
new_reader_new_trial_double_holdout,conditional_log_reading_time,cognitive_mass_provenance_risk,L1,L1|pp02,12814,-0.0014945653105164637,,,
new_reader_new_trial_double_holdout,conditional_log_reading_time,ridge_text_only,L1,L1|pp03,14945,0.16781937170963995,0.47837138742205154,,
new_reader_new_trial_double_holdout,conditional_log_reading_time,surprisal_only,L1,L1|pp03,14945,0.01617399724441735,,,
new_reader_new_trial_double_holdout,conditional_log_reading_time,attention_only,L1,L1|pp03,14945,-0.027423067852352635,,,
new_reader_new_trial_double_holdout,conditional_log_reading_time,word_length_only,L1,L1|pp03,14945,0.16949698240679165,,,
new_reader_new_trial_double_holdout,conditional_log_reading_time,cognitive_mass_provenance_risk,L1,L1|pp03,14945,0.007453444927931489,,,
new_reader_new_trial_double_holdout,conditional_log_reading_time,ridge_text_only,L1,L1|pp04,13684,0.0016200425358199938,0.5075778022541245,,
new_reader_new_trial_double_holdout,conditional_log_reading_time,surprisal_only,L1,L1|pp04,13684,0.0032881102943832052,,,
new_reader_new_trial_double_holdout,conditional_log_reading_time,attention_only,L1,L1|pp04,13684,-0.008947252120143958,,,
new_reader_new_trial_double_holdout,conditional_log_reading_time,word_length_only,L1,L1|pp04,13684,0.0011822957339694552,,,
new_reader_new_trial_double_holdout,conditional_log_reading_time,cognitive_mass_provenance_risk,L1,L1|pp04,13684,0.0013266744988948821,,,
new_reader_new_trial_double_holdout,conditional_log_reading_time,ridge_text_only,L1,L1|pp05,14516,0.19188251020950212,0.5322640363946861,,
new_reader_new_trial_double_holdout,conditional_log_reading_time,surprisal_only,L1,L1|pp05,14516,0.04242196090222469,,,
new_reader_new_trial_double_holdout,conditional_log_reading_time,attention_only,L1,L1|pp05,14516,-0.02564475845524113,,,
new_reader_new_trial_double_holdout,conditional_log_reading_time,word_length_only,L1,L1|pp05,14516,0.1900963524803392,,,
new_reader_new_trial_double_holdout,conditional_log_reading_time,cognitive_mass_provenance_risk,L1,L1|pp05,14516,0.03124987710474438,,,
new_reader_new_trial_double_holdout,conditional_log_reading_time,ridge_text_only,L1,L1|pp06,13384,0.006258508914850396,0.4878598808400247,,
new_reader_new_trial_double_holdout,conditional_log_reading_time,surprisal_only,L1,L1|pp06,13384,-0.010184346706130708,,,
new_reader_new_trial_double_holdout,conditional_log_reading_time,attention_only,L1,L1|pp06,13384,0.00013997885504788815,,,
new_reader_new_trial_double_holdout,conditional_log_reading_time,word_length_only,L1,L1|pp06,13384,0.010072919653833006,,,
new_reader_new_trial_double_holdout,conditional_log_reading_time,cognitive_mass_provenance_risk,L1,L1|pp06,13384,-0.014565279818932944,,,
new_reader_new_trial_double_holdout,conditional_log_reading_time,ridge_text_only,L1,L1|pp07,12988,0.24576061383851408,0.45954919637117736,,
new_reader_new_trial_double_holdout,conditional_log_reading_time,surprisal_only,L1,L1|pp07,12988,0.0354352898482421,,,
new_reader_new_trial_double_holdout,conditional_log_reading_time,attention_only,L1,L1|pp07,12988,-0.05002697777309269,,,
new_reader_new_trial_double_holdout,conditional_log_reading_time,word_length_only,L1,L1|pp07,12988,0.24384113905195376,,,
new_reader_new_trial_double_holdout,conditional_log_reading_time,cognitive_mass_provenance_risk,L1,L1|pp07,12988,0.021189418697261167,,,
new_reader_new_trial_double_holdout,conditional_log_reading_time,ridge_text_only,L1,L1|pp08,13768,-0.0027119428031460047,0.4663257355800483,,
new_reader_new_trial_double_holdout,conditional_log_reading_time,surprisal_only,L1,L1|pp08,13768,0.008041586526944713,,,
new_reader_new_trial_double_holdout,conditional_log_reading_time,attention_only,L1,L1|pp08,13768,-0.003724668361140807,,,
new_reader_new_trial_double_holdout,conditional_log_reading_time,word_length_only,L1,L1|pp08,13768,-0.003892564206931118,,,
new_reader_new_trial_double_holdout,conditional_log_reading_time,cognitive_mass_provenance_risk,L1,L1|pp08,13768,0.007739162030621365,,,
new_reader_new_trial_double_holdout,conditional_log_reading_time,ridge_text_only,L1,L1|pp09,13983,0.20035540318973322,0.49879149599217576,,
new_reader_new_trial_double_holdout,conditional_log_reading_time,surprisal_only,L1,L1|pp09,13983,0.035841942568654854,,,
new_reader_new_trial_double_holdout,conditional_log_reading_time,attention_only,L1,L1|pp09,13983,-0.043524288505858995,,,
new_reader_new_trial_double_holdout,conditional_log_reading_time,word_length_only,L1,L1|pp09,13983,0.19848052463830776,,,
new_reader_new_trial_double_holdout,conditional_log_reading_time,cognitive_mass_provenance_risk,L1,L1|pp09,13983,0.023568042004770775,,,
new_reader_new_trial_double_holdout,conditional_log_reading_time,ridge_text_only,L1,L1|pp10,11302,-0.022244529212710865,0.47702225882344595,,
new_reader_new_trial_double_holdout,conditional_log_reading_time,surprisal_only,L1,L1|pp10,11302,-0.0005713259155357749,,,
new_reader_new_trial_double_holdout,conditional_log_reading_time,attention_only,L1,L1|pp10,11302,0.01358038694595464,,,
new_reader_new_trial_double_holdout,conditional_log_reading_time,word_length_only,L1,L1|pp10,11302,-0.020820156782574466,,,
new_reader_new_trial_double_holdout,conditional_log_reading_time,cognitive_mass_provenance_risk,L1,L1|pp10,11302,0.0023995655678329102,,,
new_reader_new_trial_double_holdout,conditional_log_reading_time,ridge_text_only,L1,L1|pp11,12157,0.1531821540776752,0.4539165511813949,,
new_reader_new_trial_double_holdout,conditional_log_reading_time,surprisal_only,L1,L1|pp11,12157,0.023493637326024566,,,
new_reader_new_trial_double_holdout,conditional_log_reading_time,attention_only,L1,L1|pp11,12157,-0.04322818505193649,,,
new_reader_new_trial_double_holdout,conditional_log_reading_time,word_length_only,L1,L1|pp11,12157,0.15062458033243284,,,
new_reader_new_trial_double_holdout,conditional_log_reading_time,cognitive_mass_provenance_risk,L1,L1|pp11,12157,0.010598123514962655,,,
new_reader_new_trial_double_holdout,conditional_log_reading_time,ridge_text_only,L1,L1|pp12,11968,-0.002166767017382713,0.4899443966789334,,
new_reader_new_trial_double_holdout,conditional_log_reading_time,surprisal_only,L1,L1|pp12,11968,0.00045217328735289554,,,
new_reader_new_trial_double_holdout,conditional_log_reading_time,attention_only,L1,L1|pp12,11968,-0.0066557859500104895,,,
new_reader_new_trial_double_holdout,conditional_log_reading_time,word_length_only,L1,L1|pp12,11968,-0.0015757929522445542,,,
new_reader_new_trial_double_holdout,conditional_log_reading_time,cognitive_mass_provenance_risk,L1,L1|pp12,11968,-0.004137333843146223,,,
new_reader_new_trial_double_holdout,conditional_log_reading_time,ridge_text_only,L1,L1|pp13,14026,0.2148325376130281,0.48728427932168766,,
new_reader_new_trial_double_holdout,conditional_log_reading_time,surprisal_only,L1,L1|pp13,14026,0.014895663516173089,,,
new_reader_new_trial_double_holdout,conditional_log_reading_time,attention_only,L1,L1|pp13,14026,-0.03717654456236099,,,
new_reader_new_trial_double_holdout,conditional_log_reading_time,word_length_only,L1,L1|pp13,14026,0.2160007545906801,,,
new_reader_new_trial_double_holdout,conditional_log_reading_time,cognitive_mass_provenance_risk,L1,L1|pp13,14026,0.003717004696575426,,,
new_reader_new_trial_double_holdout,conditional_log_reading_time,ridge_text_only,L1,L1|pp14,11965,-0.0043961192467824985,0.48379334014481395,,
new_reader_new_trial_double_holdout,conditional_log_reading_time,surprisal_only,L1,L1|pp14,11965,-0.017034804243017516,,,
new_reader_new_trial_double_holdout,conditional_log_reading_time,attention_only,L1,L1|pp14,11965,-0.0075586002216605245,,,
new_reader_new_trial_double_holdout,conditional_log_reading_time,word_length_only,L1,L1|pp14,11965,0.0004410458248915843,,,
new_reader_new_trial_double_holdout,conditional_log_reading_time,cognitive_mass_provenance_risk,L1,L1|pp14,11965,-0.018271856312777935,,,
new_reader_new_trial_double_holdout,conditional_log_reading_time,ridge_text_only,L1,L1|pp15,15464,0.22384019706852437,0.5351403045963946,,
new_reader_new_trial_double_holdout,conditional_log_reading_time,surprisal_only,L1,L1|pp15,15464,0.015397234408649256,,,
new_reader_new_trial_double_holdout,conditional_log_reading_time,attention_only,L1,L1|pp15,15464,-0.04951974112790169,,,
new_reader_new_trial_double_holdout,conditional_log_reading_time,word_length_only,L1,L1|pp15,15464,0.22609659514009076,,,
new_reader_new_trial_double_holdout,conditional_log_reading_time,cognitive_mass_provenance_risk,L1,L1|pp15,15464,0.002563296552918906,,,
new_reader_new_trial_double_holdout,conditional_log_reading_time,ridge_text_only,L1,L1|pp16,12235,-0.017362723966967166,0.4940885636098313,,
new_reader_new_trial_double_holdout,conditional_log_reading_time,surprisal_only,L1,L1|pp16,12235,-0.009162757888756106,,,
new_reader_new_trial_double_holdout,conditional_log_reading_time,attention_only,L1,L1|pp16,12235,0.0073871890134094955,,,
new_reader_new_trial_double_holdout,conditional_log_reading_time,word_length_only,L1,L1|pp16,12235,-0.015820414949084583,,,
new_reader_new_trial_double_holdout,conditional_log_reading_time,cognitive_mass_provenance_risk,L1,L1|pp16,12235,-0.005975193586905373,,,
new_reader_new_trial_double_holdout,conditional_log_reading_time,ridge_text_only,L1,L1|pp17,16181,0.28111034502642246,0.5700883844087438,,
new_reader_new_trial_double_holdout,conditional_log_reading_time,surprisal_only,L1,L1|pp17,16181,0.0569916643915404,,,
new_reader_new_trial_double_holdout,conditional_log_reading_time,attention_only,L1,L1|pp17,16181,-0.045995303598994654,,,
new_reader_new_trial_double_holdout,conditional_log_reading_time,word_length_only,L1,L1|pp17,16181,0.2801331830162505,,,
new_reader_new_trial_double_holdout,conditional_log_reading_time,cognitive_mass_provenance_risk,L1,L1|pp17,16181,0.041882192319922636,,,
new_reader_new_trial_double_holdout,conditional_log_reading_time,ridge_text_only,L1,L1|pp19,11904,0.17058054039858894,0.5001019492682733,,
new_reader_new_trial_double_holdout,conditional_log_reading_time,surprisal_only,L1,L1|pp19,11904,0.032443932304965804,,,
new_reader_new_trial_double_holdout,conditional_log_reading_time,attention_only,L1,L1|pp19,11904,-0.03243518158747119,,,
new_reader_new_trial_double_holdout,conditional_log_reading_time,word_length_only,L1,L1|pp19,11904,0.16828546140194248,,,
new_reader_new_trial_double_holdout,conditional_log_reading_time,cognitive_mass_provenance_risk,L1,L1|pp19,11904,0.022807926994485687,,,
new_reader_new_trial_double_holdout,conditional_log_reading_time,ridge_text_only,L2,L2|pp01,12793,0.12382795020855916,0.4790168237444652,,
new_reader_new_trial_double_holdout,conditional_log_reading_time,surprisal_only,L2,L2|pp01,12793,-0.05575023336417364,,,
new_reader_new_trial_double_holdout,conditional_log_reading_time,attention_only,L2,L2|pp01,12793,-0.067272462080327,,,
new_reader_new_trial_double_holdout,conditional_log_reading_time,word_length_only,L2,L2|pp01,12793,0.1269410907883281,,,
new_reader_new_trial_double_holdout,conditional_log_reading_time,cognitive_mass_provenance_risk,L2,L2|pp01,12793,-0.06622500609276039,,,
new_reader_new_trial_double_holdout,conditional_log_reading_time,ridge_text_only,L2,L2|pp02,13872,0.061806860941946457,0.5091789362274007,,
new_reader_new_trial_double_holdout,conditional_log_reading_time,surprisal_only,L2,L2|pp02,13872,0.002024848413288911,,,
new_reader_new_trial_double_holdout,conditional_log_reading_time,attention_only,L2,L2|pp02,13872,-0.013799482736830262,,,
new_reader_new_trial_double_holdout,conditional_log_reading_time,word_length_only,L2,L2|pp02,13872,0.06340385348085549,,,
new_reader_new_trial_double_holdout,conditional_log_reading_time,cognitive_mass_provenance_risk,L2,L2|pp02,13872,8.138935085234405e-06,,,
new_reader_new_trial_double_holdout,conditional_log_reading_time,ridge_text_only,L2,L2|pp03,12735,0.18671296988726205,0.4597083922301093,,
new_reader_new_trial_double_holdout,conditional_log_reading_time,surprisal_only,L2,L2|pp03,12735,-0.0198364629796669,,,
new_reader_new_trial_double_holdout,conditional_log_reading_time,attention_only,L2,L2|pp03,12735,-0.0510615417432784,,,
new_reader_new_trial_double_holdout,conditional_log_reading_time,word_length_only,L2,L2|pp03,12735,0.18832696443303198,,,
new_reader_new_trial_double_holdout,conditional_log_reading_time,cognitive_mass_provenance_risk,L2,L2|pp03,12735,-0.034102712007470455,,,
new_reader_new_trial_double_holdout,conditional_log_reading_time,ridge_text_only,L2,L2|pp04,14757,0.05413830590423611,0.49644934224144,,
new_reader_new_trial_double_holdout,conditional_log_reading_time,surprisal_only,L2,L2|pp04,14757,0.024572564371127127,,,
new_reader_new_trial_double_holdout,conditional_log_reading_time,attention_only,L2,L2|pp04,14757,-0.0015555544511216492,,,
new_reader_new_trial_double_holdout,conditional_log_reading_time,word_length_only,L2,L2|pp04,14757,0.054502524517318685,,,
new_reader_new_trial_double_holdout,conditional_log_reading_time,cognitive_mass_provenance_risk,L2,L2|pp04,14757,0.022279992228773988,,,
new_reader_new_trial_double_holdout,conditional_log_reading_time,ridge_text_only,L2,L2|pp05,12884,0.2016936498819799,0.5354072928476873,,
new_reader_new_trial_double_holdout,conditional_log_reading_time,surprisal_only,L2,L2|pp05,12884,-0.005074562904749622,,,
new_reader_new_trial_double_holdout,conditional_log_reading_time,attention_only,L2,L2|pp05,12884,-0.05647062450676321,,,
new_reader_new_trial_double_holdout,conditional_log_reading_time,word_length_only,L2,L2|pp05,12884,0.2044764262757333,,,
new_reader_new_trial_double_holdout,conditional_log_reading_time,cognitive_mass_provenance_risk,L2,L2|pp05,12884,-0.019825233810988906,,,
new_reader_new_trial_double_holdout,conditional_log_reading_time,ridge_text_only,L2,L2|pp06,14000,0.0699235181723936,0.575246450391628,,
new_reader_new_trial_double_holdout,conditional_log_reading_time,surprisal_only,L2,L2|pp06,14000,0.00761546629624098,,,
new_reader_new_trial_double_holdout,conditional_log_reading_time,attention_only,L2,L2|pp06,14000,-0.013502906614384615,,,
new_reader_new_trial_double_holdout,conditional_log_reading_time,word_length_only,L2,L2|pp06,14000,0.06841498781707539,,,
new_reader_new_trial_double_holdout,conditional_log_reading_time,cognitive_mass_provenance_risk,L2,L2|pp06,14000,0.003627317214121571,,,
new_reader_new_trial_double_holdout,conditional_log_reading_time,ridge_text_only,L2,L2|pp07,11608,0.24112834122680857,0.48724552221894646,,
new_reader_new_trial_double_holdout,conditional_log_reading_time,surprisal_only,L2,L2|pp07,11608,0.00991845720480278,,,
new_reader_new_trial_double_holdout,conditional_log_reading_time,attention_only,L2,L2|pp07,11608,-0.05348320165156221,,,
new_reader_new_trial_double_holdout,conditional_log_reading_time,word_length_only,L2,L2|pp07,11608,0.24030045923782603,,,
new_reader_new_trial_double_holdout,conditional_log_reading_time,cognitive_mass_provenance_risk,L2,L2|pp07,11608,-0.00994606626219946,,,
new_reader_new_trial_double_holdout,conditional_log_reading_time,ridge_text_only,L2,L2|pp08,15345,0.06185316294247909,0.5218217657183293,,
new_reader_new_trial_double_holdout,conditional_log_reading_time,surprisal_only,L2,L2|pp08,15345,0.027069266261507866,,,
new_reader_new_trial_double_holdout,conditional_log_reading_time,attention_only,L2,L2|pp08,15345,-0.017605579016249068,,,
new_reader_new_trial_double_holdout,conditional_log_reading_time,word_length_only,L2,L2|pp08,15345,0.06072420121390419,,,
new_reader_new_trial_double_holdout,conditional_log_reading_time,cognitive_mass_provenance_risk,L2,L2|pp08,15345,0.02168313195653826,,,
new_reader_new_trial_double_holdout,conditional_log_reading_time,ridge_text_only,L2,L2|pp09,12343,0.17870409981118535,0.5067011560491432,,
new_reader_new_trial_double_holdout,conditional_log_reading_time,surprisal_only,L2,L2|pp09,12343,0.002583938555775024,,,
new_reader_new_trial_double_holdout,conditional_log_reading_time,attention_only,L2,L2|pp09,12343,-0.040752528857508435,,,
new_reader_new_trial_double_holdout,conditional_log_reading_time,word_length_only,L2,L2|pp09,12343,0.17785056401304872,,,
new_reader_new_trial_double_holdout,conditional_log_reading_time,cognitive_mass_provenance_risk,L2,L2|pp09,12343,-0.01020145807436032,,,
new_reader_new_trial_double_holdout,conditional_log_reading_time,ridge_text_only,L2,L2|pp10,13947,0.06019140998136928,0.5082352152330901,,
new_reader_new_trial_double_holdout,conditional_log_reading_time,surprisal_only,L2,L2|pp10,13947,0.021762523142053018,,,
new_reader_new_trial_double_holdout,conditional_log_reading_time,attention_only,L2,L2|pp10,13947,-0.0034000235856453034,,,
new_reader_new_trial_double_holdout,conditional_log_reading_time,word_length_only,L2,L2|pp10,13947,0.061230918376693096,,,
new_reader_new_trial_double_holdout,conditional_log_reading_time,cognitive_mass_provenance_risk,L2,L2|pp10,13947,0.01816779631486652,,,
new_reader_new_trial_double_holdout,conditional_log_reading_time,ridge_text_only,L2,L2|pp11,10598,0.18931979617509995,0.5088051239585386,,
new_reader_new_trial_double_holdout,conditional_log_reading_time,surprisal_only,L2,L2|pp11,10598,0.001972387363972046,,,
new_reader_new_trial_double_holdout,conditional_log_reading_time,attention_only,L2,L2|pp11,10598,-0.03581281969074765,,,
new_reader_new_trial_double_holdout,conditional_log_reading_time,word_length_only,L2,L2|pp11,10598,0.19047230220454656,,,
new_reader_new_trial_double_holdout,conditional_log_reading_time,cognitive_mass_provenance_risk,L2,L2|pp11,10598,-0.011726182698424969,,,
new_reader_new_trial_double_holdout,conditional_log_reading_time,ridge_text_only,L2,L2|pp12,13365,0.06511045432803979,0.516835261651209,,
new_reader_new_trial_double_holdout,conditional_log_reading_time,surprisal_only,L2,L2|pp12,13365,0.015245088132126444,,,
new_reader_new_trial_double_holdout,conditional_log_reading_time,attention_only,L2,L2|pp12,13365,-0.01029723404348651,,,
new_reader_new_trial_double_holdout,conditional_log_reading_time,word_length_only,L2,L2|pp12,13365,0.06524893978669305,,,
new_reader_new_trial_double_holdout,conditional_log_reading_time,cognitive_mass_provenance_risk,L2,L2|pp12,13365,0.012450686267748362,,,
new_reader_new_trial_double_holdout,conditional_log_reading_time,ridge_text_only,L2,L2|pp13,12784,0.18723443179339236,0.539181978953342,,
new_reader_new_trial_double_holdout,conditional_log_reading_time,surprisal_only,L2,L2|pp13,12784,-0.006105764432189125,,,
new_reader_new_trial_double_holdout,conditional_log_reading_time,attention_only,L2,L2|pp13,12784,-0.019534978576932958,,,
new_reader_new_trial_double_holdout,conditional_log_reading_time,word_length_only,L2,L2|pp13,12784,0.19222647166213816,,,
new_reader_new_trial_double_holdout,conditional_log_reading_time,cognitive_mass_provenance_risk,L2,L2|pp13,12784,-0.011856909217076743,,,
new_reader_new_trial_double_holdout,conditional_log_reading_time,ridge_text_only,L2,L2|pp14,13540,0.07268573889038875,0.5026311679862002,,
new_reader_new_trial_double_holdout,conditional_log_reading_time,surprisal_only,L2,L2|pp14,13540,0.029771727862909287,,,
new_reader_new_trial_double_holdout,conditional_log_reading_time,attention_only,L2,L2|pp14,13540,-0.005228980229244051,,,
new_reader_new_trial_double_holdout,conditional_log_reading_time,word_length_only,L2,L2|pp14,13540,0.07184727847356172,,,
new_reader_new_trial_double_holdout,conditional_log_reading_time,cognitive_mass_provenance_risk,L2,L2|pp14,13540,0.025444936791740667,,,
new_reader_new_trial_double_holdout,conditional_log_reading_time,ridge_text_only,L2,L2|pp15,13225,0.22972312729906189,0.5321453307550327,,
new_reader_new_trial_double_holdout,conditional_log_reading_time,surprisal_only,L2,L2|pp15,13225,-0.005772245755312211,,,
new_reader_new_trial_double_holdout,conditional_log_reading_time,attention_only,L2,L2|pp15,13225,-0.04751576482690052,,,
new_reader_new_trial_double_holdout,conditional_log_reading_time,word_length_only,L2,L2|pp15,13225,0.23281049895022612,,,
new_reader_new_trial_double_holdout,conditional_log_reading_time,cognitive_mass_provenance_risk,L2,L2|pp15,13225,-0.019763346990964027,,,
new_reader_new_trial_double_holdout,conditional_log_reading_time,ridge_text_only,L2,L2|pp16,14146,0.05074979364759904,0.5345904444843584,,
new_reader_new_trial_double_holdout,conditional_log_reading_time,surprisal_only,L2,L2|pp16,14146,0.025810515739524302,,,
new_reader_new_trial_double_holdout,conditional_log_reading_time,attention_only,L2,L2|pp16,14146,-0.001838328618269669,,,
new_reader_new_trial_double_holdout,conditional_log_reading_time,word_length_only,L2,L2|pp16,14146,0.05103359710826796,,,
new_reader_new_trial_double_holdout,conditional_log_reading_time,cognitive_mass_provenance_risk,L2,L2|pp16,14146,0.021993187445691825,,,
new_reader_new_trial_double_holdout,conditional_log_reading_time,ridge_text_only,L2,L2|pp17,13735,0.2770214471558283,0.5453820319280834,,
new_reader_new_trial_double_holdout,conditional_log_reading_time,surprisal_only,L2,L2|pp17,13735,0.005441637232196639,,,
new_reader_new_trial_double_holdout,conditional_log_reading_time,attention_only,L2,L2|pp17,13735,-0.046586576970416654,,,
new_reader_new_trial_double_holdout,conditional_log_reading_time,word_length_only,L2,L2|pp17,13735,0.279855887047111,,,
new_reader_new_trial_double_holdout,conditional_log_reading_time,cognitive_mass_provenance_risk,L2,L2|pp17,13735,-0.009794485547932127,,,
new_reader_new_trial_double_holdout,conditional_log_reading_time,ridge_text_only,L2,L2|pp18,13590,0.050797623353312074,0.507615426370092,,
new_reader_new_trial_double_holdout,conditional_log_reading_time,surprisal_only,L2,L2|pp18,13590,0.002244903411681809,,,
new_reader_new_trial_double_holdout,conditional_log_reading_time,attention_only,L2,L2|pp18,13590,-0.005490317891705915,,,
new_reader_new_trial_double_holdout,conditional_log_reading_time,word_length_only,L2,L2|pp18,13590,0.05142363334938709,,,
new_reader_new_trial_double_holdout,conditional_log_reading_time,cognitive_mass_provenance_risk,L2,L2|pp18,13590,0.0007769917619510113,,,
new_reader_new_trial_double_holdout,conditional_log_reading_time,ridge_text_only,L2,L2|pp19,11593,0.1892965876092959,0.5232864758759662,,
new_reader_new_trial_double_holdout,conditional_log_reading_time,surprisal_only,L2,L2|pp19,11593,-0.013210177905307397,,,
new_reader_new_trial_double_holdout,conditional_log_reading_time,attention_only,L2,L2|pp19,11593,-0.056144858595309724,,,
new_reader_new_trial_double_holdout,conditional_log_reading_time,word_length_only,L2,L2|pp19,11593,0.19193410691309346,,,
new_reader_new_trial_double_holdout,conditional_log_reading_time,cognitive_mass_provenance_risk,L2,L2|pp19,11593,-0.030745518753983802,,,
new_reader_known_passage_loso,fixation_occurrence,population_fixation_rate,L1,L1|pp01,18828,,,0.7814392075224129,0.14127112085752547
new_reader_known_passage_loso,conditional_log_reading_time,population_duration_prior,L1,L1|pp01,14390,0.33083209512173306,0.4374103309346018,,
new_reader_known_passage_loso,fixation_occurrence,population_fixation_rate,L1,L1|pp02,16995,,,0.7370255778526738,0.16270305432800816
new_reader_known_passage_loso,conditional_log_reading_time,population_duration_prior,L1,L1|pp02,12804,0.26447454014177846,0.45798699004614196,,
new_reader_known_passage_loso,fixation_occurrence,population_fixation_rate,L1,L1|pp03,18828,,,0.793088676852468,0.1318873019473416
new_reader_known_passage_loso,conditional_log_reading_time,population_duration_prior,L1,L1|pp03,14933,0.30184071562484627,0.45965318651698633,,
new_reader_known_passage_loso,fixation_occurrence,population_fixation_rate,L1,L1|pp04,16995,,,0.7814472538942808,0.13516554329535146
new_reader_known_passage_loso,conditional_log_reading_time,population_duration_prior,L1,L1|pp04,13676,0.2734345004388397,0.4840355522499191,,
new_reader_known_passage_loso,fixation_occurrence,population_fixation_rate,L1,L1|pp05,18828,,,0.8022974520853708,0.13495477422151456
new_reader_known_passage_loso,conditional_log_reading_time,population_duration_prior,L1,L1|pp05,14514,0.3480568453461599,0.4937622666228624,,
new_reader_known_passage_loso,fixation_occurrence,population_fixation_rate,L1,L1|pp06,16995,,,0.7635115059037082,0.14592547574037143
new_reader_known_passage_loso,conditional_log_reading_time,population_duration_prior,L1,L1|pp06,13376,0.2886443103345473,0.4690744154616735,,
new_reader_known_passage_loso,fixation_occurrence,population_fixation_rate,L1,L1|pp07,18828,,,0.7474587712155794,0.17866687807252166
new_reader_known_passage_loso,conditional_log_reading_time,population_duration_prior,L1,L1|pp07,12987,0.30874484254115353,0.4396702864384636,,
new_reader_known_passage_loso,fixation_occurrence,population_fixation_rate,L1,L1|pp08,16995,,,0.7648335550186931,0.13849320632671322
new_reader_known_passage_loso,conditional_log_reading_time,population_duration_prior,L1,L1|pp08,13755,0.25430783549578245,0.44499065623353856,,
new_reader_known_passage_loso,fixation_occurrence,population_fixation_rate,L1,L1|pp09,18828,,,0.7898230986218191,0.14518950759724703
new_reader_known_passage_loso,conditional_log_reading_time,population_duration_prior,L1,L1|pp09,13981,0.33387059391567886,0.4662320878231852,,
new_reader_known_passage_loso,fixation_occurrence,population_fixation_rate,L1,L1|pp10,16995,,,0.7041874841064863,0.2079490100385723
new_reader_known_passage_loso,conditional_log_reading_time,population_duration_prior,L1,L1|pp10,11300,0.22317225097690283,0.45797646110895346,,
new_reader_known_passage_loso,fixation_occurrence,population_fixation_rate,L1,L1|pp11,18828,,,0.7073237901656594,0.2106316811304156
new_reader_known_passage_loso,conditional_log_reading_time,population_duration_prior,L1,L1|pp11,12153,0.24895930913767228,0.46163245470007386,,
new_reader_known_passage_loso,fixation_occurrence,population_fixation_rate,L1,L1|pp12,16995,,,0.7223188880978545,0.18421558956379397
new_reader_known_passage_loso,conditional_log_reading_time,population_duration_prior,L1,L1|pp12,11965,0.24867547913983096,0.47294574974741227,,
new_reader_known_passage_loso,fixation_occurrence,population_fixation_rate,L1,L1|pp13,18828,,,0.7736081688122131,0.14942617386540633
new_reader_known_passage_loso,conditional_log_reading_time,population_duration_prior,L1,L1|pp13,14020,0.31255404706904216,0.46514271573879495,,
new_reader_known_passage_loso,fixation_occurrence,population_fixation_rate,L1,L1|pp14,16995,,,0.7091348939376694,0.18821758078653297
new_reader_known_passage_loso,conditional_log_reading_time,population_duration_prior,L1,L1|pp14,11958,0.2555485095765993,0.45747994073518167,,
new_reader_known_passage_loso,fixation_occurrence,population_fixation_rate,L1,L1|pp15,18828,,,0.8166961503315898,0.11841116338718502
new_reader_known_passage_loso,conditional_log_reading_time,population_duration_prior,L1,L1|pp15,15457,0.3390678384495157,0.5120932827360335,,
new_reader_known_passage_loso,fixation_occurrence,population_fixation_rate,L1,L1|pp16,16995,,,0.7281808199372924,0.17660007879378323
new_reader_known_passage_loso,conditional_log_reading_time,population_duration_prior,L1,L1|pp16,12230,0.24222355784265898,0.4792527040884029,,
new_reader_known_passage_loso,fixation_occurrence,population_fixation_rate,L1,L1|pp17,18828,,,0.8466943429690015,0.10897048615804872
new_reader_known_passage_loso,conditional_log_reading_time,population_duration_prior,L1,L1|pp17,16158,0.36746846718117043,0.5505624875754697,,
new_reader_known_passage_loso,fixation_occurrence,population_fixation_rate,L1,L1|pp19,18828,,,0.723710909352618,0.21004213342105396
new_reader_known_passage_loso,conditional_log_reading_time,population_duration_prior,L1,L1|pp19,11900,0.2838843007302499,0.4890605104685901,,
new_reader_known_passage_loso,fixation_occurrence,population_fixation_rate,L2,L2|pp01,15548,,,0.809271787273638,0.11322324811733955
new_reader_known_passage_loso,conditional_log_reading_time,population_duration_prior,L2,L2|pp01,12792,0.3378090955783236,0.44527661135110647,,
new_reader_known_passage_loso,fixation_occurrence,population_fixation_rate,L2,L2|pp02,17632,,,0.7653209472931851,0.14009670968609264
new_reader_known_passage_loso,conditional_log_reading_time,population_duration_prior,L2,L2|pp02,13867,0.32435122194828075,0.48057861910613153,,
new_reader_known_passage_loso,fixation_occurrence,population_fixation_rate,L2,L2|pp03,15548,,,0.7855510152468118,0.12002734661597537
new_reader_known_passage_loso,conditional_log_reading_time,population_duration_prior,L2,L2|pp03,12733,0.3145798426470061,0.43709343629545944,,
new_reader_known_passage_loso,fixation_occurrence,population_fixation_rate,L2,L2|pp04,17632,,,0.8054823444142942,0.11276776205510185
new_reader_known_passage_loso,conditional_log_reading_time,population_duration_prior,L2,L2|pp04,14754,0.33487763373103135,0.4662213147738314,,
new_reader_known_passage_loso,fixation_occurrence,population_fixation_rate,L2,L2|pp05,15548,,,0.8268693250841652,0.10827104117237897
new_reader_known_passage_loso,conditional_log_reading_time,population_duration_prior,L2,L2|pp05,12883,0.3556980670057144,0.503287003671374,,
new_reader_known_passage_loso,fixation_occurrence,population_fixation_rate,L2,L2|pp06,17632,,,0.8028326679515418,0.12505184658295246
new_reader_known_passage_loso,conditional_log_reading_time,population_duration_prior,L2,L2|pp06,13999,0.348098110561488,0.5365916162335924,,
new_reader_known_passage_loso,fixation_occurrence,population_fixation_rate,L2,L2|pp07,15548,,,0.7542797370621347,0.15823816806258278
new_reader_known_passage_loso,conditional_log_reading_time,population_duration_prior,L2,L2|pp07,11607,0.30524018896212285,0.4733111087659014,,
new_reader_known_passage_loso,fixation_occurrence,population_fixation_rate,L2,L2|pp08,17632,,,0.8179452821228919,0.10152756728437075
new_reader_known_passage_loso,conditional_log_reading_time,population_duration_prior,L2,L2|pp08,15337,0.3383078698673935,0.49319963263438543,,
new_reader_known_passage_loso,fixation_occurrence,population_fixation_rate,L2,L2|pp09,15548,,,0.8122109672525927,0.12127199878035998
new_reader_known_passage_loso,conditional_log_reading_time,population_duration_prior,L2,L2|pp09,12343,0.3257977533654052,0.48648565375901054,,
new_reader_known_passage_loso,fixation_occurrence,population_fixation_rate,L2,L2|pp10,17632,,,0.7732939168137879,0.13615409377730728
new_reader_known_passage_loso,conditional_log_reading_time,population_duration_prior,L2,L2|pp10,13945,0.3262127328678281,0.4779687928991294,,
new_reader_known_passage_loso,fixation_occurrence,population_fixation_rate,L2,L2|pp11,15548,,,0.7214789430443327,0.2011371793283722
new_reader_known_passage_loso,conditional_log_reading_time,population_duration_prior,L2,L2|pp11,10597,0.30094252595022297,0.5068399579081263,,
new_reader_known_passage_loso,fixation_occurrence,population_fixation_rate,L2,L2|pp12,17632,,,0.7695787743153835,0.14946783459436827
new_reader_known_passage_loso,conditional_log_reading_time,population_duration_prior,L2,L2|pp12,13363,0.29677416138036206,0.4935144186746731,,
new_reader_known_passage_loso,fixation_occurrence,population_fixation_rate,L2,L2|pp13,15548,,,0.8072322590512019,0.11348349356989268
new_reader_known_passage_loso,conditional_log_reading_time,population_duration_prior,L2,L2|pp13,12783,0.33670733425307753,0.512823774981951,,
new_reader_known_passage_loso,fixation_occurrence,population_fixation_rate,L2,L2|pp14,17632,,,0.7551088173631295,0.15108359030158408
new_reader_known_passage_loso,conditional_log_reading_time,population_duration_prior,L2,L2|pp14,13537,0.3280984649827631,0.4701437178081079,,
new_reader_known_passage_loso,fixation_occurrence,population_fixation_rate,L2,L2|pp15,15548,,,0.8563032940098481,0.09463644246252942
new_reader_known_passage_loso,conditional_log_reading_time,population_duration_prior,L2,L2|pp15,13223,0.37332756212907486,0.5161067223464699,,
new_reader_known_passage_loso,fixation_occurrence,population_fixation_rate,L2,L2|pp16,17632,,,0.7726711211552599,0.1314274993313224
new_reader_known_passage_loso,conditional_log_reading_time,population_duration_prior,L2,L2|pp16,14145,0.33073221582384926,0.4995224851908839,,
new_reader_known_passage_loso,fixation_occurrence,population_fixation_rate,L2,L2|pp17,15548,,,0.8692919779507745,0.0872741363265332
new_reader_known_passage_loso,conditional_log_reading_time,population_duration_prior,L2,L2|pp17,13733,0.38265923011134434,0.5149458856639006,,
new_reader_known_passage_loso,fixation_occurrence,population_fixation_rate,L2,L2|pp18,17632,,,0.7644445063405253,0.1459519820339282
new_reader_known_passage_loso,conditional_log_reading_time,population_duration_prior,L2,L2|pp18,13588,0.29983502811688095,0.4848127327300401,,
new_reader_known_passage_loso,fixation_occurrence,population_fixation_rate,L2,L2|pp19,15548,,,0.7726344301015162,0.15175466178810662
new_reader_known_passage_loso,conditional_log_reading_time,population_duration_prior,L2,L2|pp19,11593,0.3022046239491089,0.508822155079488,,
