subject,duration_n,fixation_n,geco_lexical_ridge_spearman_rho,word_length_only_spearman_rho,lexical_rarity_only_spearman_rho,geco_lexical_ridge_mae_log,geco_fixation_logistic_roc_auc,geco_fixation_logistic_brier
Sub01,1907,2743,0.12361662854187382,0.23284198916957058,0.22434863002142919,0.40431225723998715,0.6815569307738049,0.19690309271115486
Sub02,2158,2743,0.18965162449217876,0.23902680804653265,0.2352262398852721,0.45356040234318756,0.6318528552078135,0.16527245930145842
Sub03,2120,2743,0.341874307141421,0.4305059551702415,0.3890506512372292,0.5104577652803095,0.6646218843696053,0.16666188945421045
Sub04,1788,2743,0.11530672933885511,0.2535177857030576,0.23912982929198157,0.4856475041947851,0.5658693207772585,0.2378959913409347
Sub05,1666,2743,0.17643280388815227,0.2473857976332288,0.2671457652004729,0.5103637420402035,0.6476075109709623,0.24371248758374006
Sub06,2040,2743,0.31783795109390384,0.44323568601708224,0.437890724703605,0.4533961547468451,0.6751882687641202,0.17708648308656175
Sub07,1856,2743,0.15917952332827345,0.3488267173123014,0.3311107981634633,0.48634932396987746,0.6651671169770245,0.20758414611330187
Sub08,1989,2743,0.2465243463508105,0.32026936650090915,0.3253658320454505,0.3980268842254472,0.6627625681300201,0.18612647135585064
Sub09,1537,2743,0.14299674144204316,0.25857266308260457,0.27341869007686015,0.4831816580238031,0.6057381170486755,0.2749305849960719
Sub10,2046,2743,0.21275385954951137,0.2834413432710464,0.2824007471345452,0.4234009184167193,0.6810966143127017,0.1750758105135937
Sub11,2131,2743,0.2415418019842984,0.3326282009791668,0.32587657243615054,0.4451963234455111,0.6621983143327721,0.16461157777267987
Sub12,2070,2743,0.283550281816618,0.3806850945286616,0.37830603334695084,0.4628818247161853,0.6582979807768231,0.17532688741985442
Sub13,2093,2743,0.3499400014505708,0.4741080317067927,0.4353969682083194,0.44640738870032365,0.6783259215700688,0.16825649457504915
Sub14,1982,2743,0.15959711081709346,0.29556237380110384,0.2733777592311127,0.49993767206003964,0.6283446551154874,0.19389123603299063
Sub15,1819,2743,0.2684774731886148,0.4178817576731247,0.3912714325461468,0.4615059411885792,0.6449594706191738,0.21799497029436946
Sub16,1716,2743,0.19074699189809016,0.20741464281109456,0.1696738258358,0.45549458301999113,0.657910371031111,0.23295290772244323
Sub17,1868,2743,0.19014953231764936,0.33810514864303426,0.30139025140743564,0.4693105398103014,0.6057464056286326,0.21647166988548613
Sub18,2214,2743,0.24280637450719383,0.29058009163739773,0.3106924001758018,0.42092065930742073,0.6382946296381679,0.15545009698199921
Sub19,1951,2743,0.199100059942168,0.23935318904235148,0.23769746962190177,0.4377554417795637,0.661548532480106,0.192953929912503
Sub20,2157,2743,0.27757241389254383,0.3234754314245798,0.3112568433632374,0.4273947901117208,0.6445001669301156,0.1640227525603343
Sub21,1888,2743,0.3343093514351867,0.44296128039564825,0.4159068269443229,0.4361277672433835,0.6678817895728021,0.20254828294713087
Sub22,1820,2743,0.2702237948022654,0.36928250713136845,0.3609092573616149,0.5079881496803141,0.6280288238305574,0.22059562508225666
Sub23,1958,2743,0.2971444465885212,0.3384859715883825,0.3371146396205539,0.4826787496054155,0.6852364625283827,0.18750845072529218
Sub24,2083,2743,0.3042783892404805,0.3806489315629399,0.378681777869423,0.42860056351790426,0.6771552539315382,0.16949682990339823
Sub25,2192,2743,0.28751287894588834,0.32537139652922475,0.3480079629312471,0.46322820498525225,0.6576980970233285,0.1561616118198083
Sub26,2067,2743,0.23447049903448777,0.35402712466803155,0.302353093095673,0.469858804483902,0.673215047391669,0.17325970029366367
Sub27,1817,2743,0.2775546267917053,0.3121429209509752,0.32108312519597537,0.47582110171116915,0.6868104926949817,0.2096927560056434
Sub28,1981,2743,0.20396795354394143,0.23071240882369842,0.19374019264422396,0.46052881481981806,0.6290670159162967,0.19455802325851948
Sub29,1447,2743,0.010618733723275589,0.168178088168814,0.18595587234455094,0.5602832889749374,0.5657205307703465,0.29881144315203056
Sub30,1531,2743,0.10537726053780543,0.16678070937525497,0.1848026344312591,0.4708223174649486,0.647770337125156,0.26666809030426614
Sub31,1814,2743,0.28760436085667374,0.4211232330691807,0.37642436493113124,0.4390576066497164,0.6329804783510147,0.22073530490995738
Sub32,1589,2743,0.2631261913080773,0.33824509800194474,0.29202304037671695,0.4841938142552484,0.6213356993978315,0.26170158469699584
Sub33,1393,2743,-0.006262159786258764,0.14739413324299644,0.1393746232782491,0.45578027910082486,0.625128552816995,0.29737579798677455
Sub34,1748,2743,0.21099549692407746,0.20928093042264123,0.1896954227030779,0.40535550628368605,0.6524470176971816,0.2281527018362066
Sub35,2314,2743,0.2971560661141811,0.34930480556612725,0.358997147964481,0.46401041027063006,0.6658728767631101,0.13706148250275738
Sub36,1794,2743,0.26337177373009907,0.313706444064215,0.28565735667670417,0.38998376410867436,0.5986942189924734,0.22918518613044953
Sub37,1776,2743,0.19781866612581184,0.320727825739997,0.2816812908531751,0.4203917079555317,0.6223852795401399,0.22994623619410126
Sub38,1483,2743,0.14162839258938761,0.16527806769761355,0.1826656969648464,0.4104872057007731,0.5862692525875264,0.2875680229357766
Sub39,2020,2743,0.3019575746237569,0.39698995881753063,0.3929065153506801,0.5129798860274892,0.6817023403585172,0.17915355208971184
Sub40,2241,2743,0.2849631374402431,0.3111089888933038,0.31141114651751245,0.46596884327235233,0.6372599739373608,0.15207821925667622
Sub41,2197,2743,0.1509873560068093,0.2185613469813192,0.21132632990794573,0.48317003406243064,0.6545910090516371,0.15474797091036052
Sub42,1904,2743,0.2533474989057243,0.3107331385380489,0.27108879870950275,0.4333812828862975,0.6834976988411574,0.19645811999222323
Sub43,1651,2743,0.33359107249930253,0.33866863255908203,0.3083580973699375,0.4797534144981856,0.7037581840731447,0.2348766699554492
Sub44,1943,2743,0.30974762214704166,0.4257609270699309,0.38548574353040277,0.41064906898213605,0.5810254760679362,0.20831773841270193
Sub45,1393,2743,0.048545949922944955,0.17043213703526686,0.18290671023419644,0.47742872805217396,0.5946677833612507,0.30186814125938244
Sub46,1488,2743,0.14062757478517915,0.23138533342055248,0.21537442107167099,0.4382430592502694,0.6310896200145654,0.27762561651466255
Sub47,1752,2743,0.2074789126059158,0.25785538857621537,0.2317855565232491,0.45639173307939085,0.6475010252086126,0.228436210671701
Sub48,1755,2743,0.1308523183528304,0.20970005345845671,0.18380397696020023,0.41444637030117326,0.6549889269524897,0.2263718030932388
Sub49,1609,2743,0.09654769717526576,0.14861476283215144,0.15470041290537725,0.39018579513202106,0.5758651456807662,0.2662698323918127
Sub50,1591,2743,0.3673353220008784,0.3618317034133374,0.32633680776428897,0.5094349985191553,0.625230517581535,0.2608956242905389
Sub51,1551,2743,0.11699297132276303,0.18767493074591887,0.19377596339371447,0.4397514199574421,0.6333192160069927,0.26619384103337235
Sub52,1253,2743,0.17313409787747713,0.14560632702448376,0.11523367281078488,0.5938588245001378,0.6642704489091951,0.31311525900466586
Sub53,1973,2743,0.2730314986707937,0.38907512102583597,0.3985162566006949,0.45767046874591294,0.6482174946189138,0.19217451135124086
Sub54,1607,2743,0.30870948624575834,0.3802584836937543,0.36414352465309835,0.44361004492197575,0.6894448911890759,0.24559497407610223
Sub55,1866,2743,0.21713595968180366,0.3260444512768804,0.2928189235515734,0.4441821217600791,0.6393088955454445,0.21156799780759616
Sub56,1733,2743,0.27211668425987146,0.3196186440746875,0.30593320858340606,0.4601339733099047,0.6497200527900453,0.2317612982433603
Sub57,2147,2743,0.16981197799571376,0.14684162316909327,0.13728294600463697,0.4374509213141534,0.6593033669581092,0.16300577236254762
Sub58,1944,2743,0.2223837131849901,0.28784648027200765,0.2424711798878421,0.4791546626402393,0.7141981102921863,0.18419855385985803
Sub59,2007,2743,0.27751827870288903,0.3590234175660381,0.35248928798541557,0.4748822796759625,0.7024547913823357,0.17692910480252852
Sub60,1859,2743,0.30287696932773417,0.40926772438157477,0.4002724871365321,0.4321438120994567,0.6801341279674032,0.20477315858288594
Sub61,1612,2743,0.2734655516837984,0.32215822750646383,0.28272770933210606,0.4924694620971086,0.6565310349215543,0.2510605423423577
Sub62,2120,2743,0.15797623547788547,0.08816362356485552,0.0852410830660223,0.45527786692795047,0.723326342408916,0.15601426857516656
Sub63,1746,2743,0.16931273002620556,0.2540241117116825,0.24014928284093504,0.4255241463839256,0.6566851183562141,0.22786053598230827
Sub64,1513,2743,0.06652329958193429,0.14049626875281418,0.13016575139654307,0.5193102658007961,0.5884502334778801,0.28232463123713586
Sub65,1772,2743,0.38498892874125534,0.44654761618371924,0.4274789485450567,0.44663666309521743,0.6967706839194426,0.21613577173053228
Sub66,2217,2743,0.2963691769705196,0.41945537723123616,0.41086679140761057,0.49797081851682584,0.6108166929927916,0.15927740583601602
Sub67,2194,2743,0.2815877182292061,0.3233937499739695,0.2970195969224071,0.41438182850213656,0.6508589413419277,0.15699057641806707
Sub68,1535,2743,0.31455855860696746,0.3064687093736587,0.2592408146553375,0.40552867349663474,0.727028280518584,0.25107993273066753
Sub69,2104,2743,0.22345861592788954,0.2828522658553305,0.2800024748198404,0.48330142326568437,0.6482603372665227,0.17095191050020014
Sub70,1814,2743,0.16745849751486533,0.27070150609007,0.25143985284218207,0.44339547994720924,0.6535097192865442,0.21722926713803153
Sub71,1484,2743,0.18457106906078805,0.27773340276908354,0.23496120170819604,0.47934963606706127,0.6343154088407135,0.2779268217671132
Sub72,1794,2743,0.18562661891219967,0.3218263968093381,0.3492161671018554,0.484850915727235,0.6633914946555255,0.21927536373807835
Sub73,1901,2743,0.22089180388181603,0.2582800192822299,0.2446684454126633,0.47785312596446994,0.6418699496826898,0.204406290247007
Sub74,1139,2743,0.1715141242509767,0.11066484443174628,0.12461814797226486,0.6593860664817469,0.6935782799366815,0.32954949699184455
Sub75,1142,2743,0.18269737234314684,0.26377790700215,0.23874756332941718,0.3903994743082896,0.6502011111706671,0.3378396660128409
Sub76,1832,2743,0.2711921249369676,0.39708667534737796,0.38096136645050543,0.48819291679255805,0.7224494772767581,0.20235953486029223
Sub77,1879,2743,0.18662291469733222,0.26646106667754027,0.2118416180409486,0.4750327970373922,0.6441800701712889,0.20870811424657015
Sub78,1518,2743,0.1208408820919302,0.17674863831915896,0.17429792653819956,0.5546928064721779,0.6315022451668414,0.2726078983920124
Sub79,2203,2743,0.3193350155082248,0.417897368241566,0.41383001684248927,0.4566909578435572,0.6532405305896001,0.15420211551482377
Sub80,1865,2743,0.2292410606016576,0.40895632483866307,0.4035887443187616,0.41401887071860105,0.6746548028360825,0.2041790910037389
Sub81,1691,2743,0.11339704618544989,0.18103230836768935,0.15754539001438908,0.44735349908677874,0.5956351901028257,0.24849073650642792
Sub82,1790,2743,0.279811770724288,0.2844140518660611,0.2368912730078086,0.4528307167477264,0.66641742922966,0.21775994590326422
Sub83,2038,2743,0.19945658962747498,0.3036952332275037,0.2958546593926982,0.45687702415984666,0.5796856186359872,0.19210900128925584
Sub84,1376,2743,0.1503415845995135,0.22059085229574857,0.22966733780053136,0.5769871280877102,0.5854448078460727,0.30807562041504305
